Flight,Time,Length,Airline,AirportFrom,AirportTo,DayOfWeek,Class
1112.0,605.0,170.0,AA,MIA,EWR,6,1
1845.0,625.0,190.0,WN,PHX,SEA,5,1
66.0,925.0,53.0,AS,ANC,CDV,5,1
1239.0,590.0,202.0,US,PHL,MSY,1,1
407.0,831.0,96.0,FL,IND,ATL,2,1
5314.0,886.0,159.0,EV,DFW,DTW,5,1
625.0,385.0,90.0,CO,EWR,CLE,6,1
6399.0,360.0,88.0,OO,ORD,MCI,4,1
1786.0,580.0,148.0,DL,ATL,LGA,1,1
5400.0,1231.0,74.0,EV,ATL,MYR,4,1
1626.0,1225.0,100.0,AA,DFW,BNA,4,1
294.0,665.0,161.0,B6,LGB,SEA,5,1
1328.0,740.0,200.0,AA,SMF,DFW,3,1
726.0,690.0,195.0,AA,DFW,LGA,3,1
1647.0,795.0,115.0,WN,DEN,PHX,6,1
2783.0,628.0,161.0,DL,BDL,ATL,5,1
4120.0,1185.0,95.0,MQ,ORD,TYS,1,1
4310.0,460.0,90.0,9E,MEM,ATL,1,1
4.0,565.0,87.0,B6,JFK,BUF,1,1
1396.0,1070.0,160.0,AA,DFW,ORF,2,1
4149.0,570.0,95.0,MQ,ORD,TYS,2,1
674.0,910.0,311.0,B6,LAX,JFK,4,1
6921.0,499.0,118.0,OO,MAF,DEN,1,1
6369.0,596.0,108.0,OO,BOI,DEN,2,1
5508.0,720.0,139.0,EV,IAH,CVG,3,1
4683.0,780.0,110.0,OO,EUG,SLC,3,1
3834.0,805.0,73.0,9E,MSP,MSN,5,1
523.0,920.0,117.0,UA,DEN,PHX,2,1
315.0,790.0,137.0,DL,ATL,MCI,4,1
5261.0,570.0,70.0,EV,MEM,XNA,1,1
46.0,735.0,176.0,DL,BOS,ATL,6,1
981.0,497.0,208.0,UA,IAD,IAH,3,1
2580.0,580.0,127.0,XE,MKE,EWR,3,1
726.0,886.0,151.0,UA,OAK,DEN,5,1
4884.0,820.0,67.0,OO,SLC,IDA,7,1
3452.0,360.0,70.0,MQ,LIT,DFW,3,1
7007.0,440.0,50.0,OO,PDX,SEA,5,1
468.0,1157.0,103.0,FL,ATL,BWI,5,1
3679.0,1160.0,82.0,9E,DTW,IND,4,1
3906.0,1170.0,110.0,MQ,ORD,SYR,2,1
72.0,581.0,139.0,B6,MCO,JFK,7,1
630.0,360.0,92.0,FL,DAY,BWI,4,1
2604.0,360.0,179.0,XE,CLT,IAH,5,1
2586.0,525.0,155.0,WN,MCO,BDL,5,1
316.0,764.0,195.0,UA,DEN,IAD,5,1
3034.0,660.0,127.0,XE,COS,IAH,4,1
3004.0,445.0,160.0,MQ,DEN,LAX,6,1
50.0,861.0,249.0,FL,LAX,ATL,2,1
2459.0,655.0,85.0,WN,SMF,SAN,3,1
564.0,1135.0,125.0,WN,MDW,MHT,1,1
352.0,687.0,234.0,UA,SEA,ORD,3,1
1618.0,890.0,178.0,CO,EWR,TPA,4,1
724.0,665.0,246.0,DL,SNA,ATL,7,1
2004.0,740.0,187.0,DL,FLL,DTW,7,1
575.0,460.0,80.0,WN,SAN,PHX,4,1
1668.0,1145.0,79.0,DL,ATL,CHS,1,1
2497.0,930.0,103.0,XE,IAH,ICT,4,1
544.0,987.0,102.0,UA,LAS,SFO,3,1
375.0,1123.0,158.0,UA,DEN,SMF,4,1
889.0,1380.0,240.0,FL,LAX,MKE,6,1
2483.0,1245.0,200.0,AA,DFW,LAX,5,1
1095.0,1185.0,140.0,WN,BWI,MCO,1,1
1609.0,1257.0,120.0,FL,MCO,DCA,4,1
2955.0,1050.0,65.0,XE,IAH,DFW,1,1
6417.0,621.0,55.0,OO,LAX,SMX,1,1
1670.0,565.0,105.0,WN,BOI,OAK,5,1
6596.0,904.0,98.0,OO,MFR,SFO,6,1
440.0,1345.0,127.0,FL,ATL,MKE,2,1
2735.0,400.0,185.0,WN,PHL,TPA,2,1
1824.0,705.0,90.0,WN,MDW,MSP,1,1
7035.0,760.0,141.0,OO,LAX,PDX,4,1
133.0,1155.0,410.0,DL,JFK,SFO,2,1
315.0,482.0,134.0,UA,DFW,DEN,5,1
1531.0,1145.0,133.0,US,SYR,CLT,2,1
661.0,540.0,156.0,UA,LGA,ORD,6,1
6667.0,892.0,59.0,OO,CIC,SFO,2,1
3584.0,985.0,135.0,WN,LAX,DEN,5,1
4216.0,940.0,51.0,9E,DTW,MBS,3,1
307.0,975.0,75.0,WN,SFO,LAX,3,1
552.0,1134.0,96.0,UA,IAD,BOS,7,1
765.0,1007.0,107.0,FL,PBI,ATL,4,1
1846.0,690.0,157.0,CO,IAH,ORD,3,1
1587.0,740.0,95.0,WN,BNA,BWI,7,1
2151.0,1114.0,206.0,DL,MEM,SLC,4,1
1752.0,830.0,90.0,WN,ELP,DAL,1,1
578.0,1155.0,75.0,WN,LAX,TUS,4,1
621.0,400.0,320.0,US,BWI,PHX,1,1
1439.0,780.0,122.0,DL,DCA,ATL,4,1
3794.0,675.0,200.0,MQ,ORD,ELP,7,1
3763.0,1080.0,70.0,WN,BWI,ALB,5,1
403.0,445.0,215.0,CO,IAH,SAN,5,1
3758.0,915.0,88.0,9E,DTW,MLI,3,1
4952.0,819.0,176.0,EV,ELP,ATL,3,1
1141.0,1125.0,85.0,WN,LAS,ABQ,7,1
4308.0,1330.0,85.0,MQ,ORD,BNA,3,1
2758.0,970.0,81.0,DL,LAX,SFO,2,1
1193.0,1150.0,113.0,DL,CLT,DTW,2,1
5236.0,624.0,61.0,EV,GSP,ATL,7,1
54.0,1315.0,311.0,UA,KOA,SFO,5,1
2930.0,1095.0,55.0,MQ,DFW,SHV,4,1
1184.0,735.0,145.0,AA,ORD,EWR,2,1
2092.0,705.0,195.0,WN,MCI,LAS,1,1
163.0,570.0,265.0,WN,STL,SEA,1,1
6835.0,924.0,141.0,OO,BUR,DEN,6,1
1118.0,800.0,120.0,WN,BWI,BNA,2,1
5490.0,975.0,99.0,EV,LFT,ATL,7,1
384.0,630.0,105.0,WN,MDW,IAD,1,1
5275.0,494.0,84.0,EV,ATL,JAN,1,1
4219.0,1030.0,100.0,9E,ROA,DTW,1,1
2243.0,745.0,190.0,AA,PIT,DFW,4,1
2027.0,495.0,55.0,WN,TPA,FLL,1,1
6460.0,589.0,76.0,OO,ABQ,DEN,4,1
523.0,855.0,185.0,WN,TUL,LAS,3,1
2042.0,810.0,87.0,XE,ORF,EWR,4,1
6332.0,485.0,45.0,OO,DEN,ASE,1,1
2175.0,950.0,70.0,WN,LAX,OAK,4,1
2573.0,445.0,111.0,XE,IAH,BNA,1,1
211.0,465.0,245.0,CO,EWR,IAH,5,1
2533.0,420.0,207.0,DL,BOS,MCO,2,1
4301.0,740.0,135.0,MQ,ORD,OKC,5,1
31.0,750.0,168.0,B6,JFK,MCO,5,1
1509.0,1070.0,160.0,WN,MCI,MCO,3,1
1624.0,600.0,133.0,FL,MCO,PHL,6,1
2182.0,855.0,129.0,XE,COS,IAH,7,1
151.0,516.0,45.0,AS,OTZ,OME,4,1
6840.0,540.0,81.0,OO,SFO,SBA,5,1
1734.0,1350.0,255.0,DL,LAX,CMH,5,1
4844.0,1025.0,98.0,OO,SLC,RAP,6,1
4663.0,360.0,180.0,OO,DFW,SLC,7,1
450.0,844.0,135.0,F9,MKE,LGA,4,1
5117.0,525.0,85.0,EV,ATL,FAY,6,1
4130.0,995.0,135.0,MQ,MDT,ORD,1,1
157.0,390.0,70.0,WN,OAK,ONT,3,1
2938.0,1194.0,103.0,XE,IAH,HSV,4,1
4148.0,595.0,95.0,MQ,OMA,ORD,7,1
2516.0,1055.0,87.0,XE,ROC,EWR,5,1
7294.0,410.0,146.0,YV,SYR,ORD,4,1
4146.0,1057.0,133.0,9E,PIT,MEM,1,1
2683.0,554.0,102.0,YV,ORF,CLT,1,1
2114.0,770.0,204.0,DL,SEA,MSP,2,1
442.0,765.0,320.0,AA,SFO,MIA,4,1
41.0,560.0,165.0,WN,SEA,ABQ,2,1
119.0,889.0,213.0,B6,JFK,MSY,3,1
1807.0,575.0,260.0,AA,EWR,DFW,3,1
784.0,1260.0,190.0,AA,DFW,LGA,4,1
590.0,620.0,60.0,WN,LAX,LAS,3,1
305.0,469.0,156.0,B6,IAD,FLL,2,1
1242.0,730.0,121.0,B6,CLT,BOS,6,1
220.0,530.0,85.0,WN,HOU,MAF,4,1
6750.0,475.0,70.0,OO,ORD,LEX,3,1
2389.0,505.0,132.0,DL,DTW,MSP,1,1
1969.0,595.0,60.0,WN,STL,MDW,6,1
4804.0,811.0,101.0,OO,FAT,SLC,7,1
4321.0,865.0,135.0,MQ,ORD,OKC,5,1
6470.0,1260.0,106.0,OO,LAX,SLC,3,1
5391.0,682.0,60.0,EV,ATL,AVL,4,1
593.0,1071.0,295.0,UA,BOS,DEN,7,1
587.0,1223.0,93.0,UA,SFO,SNA,1,1
5941.0,360.0,113.0,XE,TUL,ORD,1,1
2529.0,455.0,160.0,WN,DEN,LAX,3,1
7776.0,913.0,67.0,OO,RKS,SLC,3,1
1227.0,1210.0,123.0,B6,BOS,RDU,2,1
660.0,445.0,225.0,WN,BWI,HOU,7,1
1272.0,1055.0,55.0,WN,LAS,ONT,5,1
3213.0,785.0,80.0,MQ,LIT,DFW,7,1
1471.0,1151.0,152.0,DL,ATL,OKC,1,1
684.0,770.0,365.0,WN,PVD,PHX,4,1
613.0,1075.0,200.0,AA,JFK,MIA,7,1
6215.0,1105.0,138.0,OO,DEN,FCA,7,1
4832.0,910.0,103.0,OO,SLC,MSO,5,1
3299.0,1250.0,70.0,MQ,DFW,MAF,2,1
1551.0,1070.0,245.0,WN,SFO,MDW,1,1
861.0,930.0,135.0,WN,PHL,MDW,4,1
1600.0,1095.0,100.0,WN,BOS,BWI,4,1
941.0,745.0,170.0,WN,LAS,MCI,4,1
1815.0,950.0,65.0,WN,LAS,SAN,7,1
59.0,870.0,110.0,WN,PHX,DEN,7,1
6627.0,620.0,168.0,OO,MSN,DEN,6,1
141.0,1228.0,137.0,UA,DEN,IAH,3,1
1171.0,460.0,170.0,US,CLT,IAH,5,0
6479.0,620.0,175.0,OO,DEN,PIT,4,0
2911.0,725.0,66.0,YV,PHX,PSP,3,0
1479.0,1275.0,59.0,CO,IAH,SAT,3,0
580.0,590.0,70.0,WN,SDF,STL,1,0
591.0,1176.0,135.0,UA,BWI,ORD,5,0
119.0,460.0,125.0,WN,MDW,PHL,3,0
6617.0,615.0,104.0,OH,DTW,AVL,2,0
1381.0,1065.0,55.0,WN,DAL,AUS,2,0
2173.0,715.0,70.0,WN,BDL,BWI,6,0
3798.0,1170.0,190.0,MQ,ORD,ABQ,4,0
2665.0,450.0,150.0,DL,DCA,MCO,5,0
391.0,670.0,115.0,WN,PHX,RNO,7,0
3805.0,440.0,145.0,9E,CLE,MEM,4,0
2392.0,390.0,119.0,XE,HSV,IAH,2,0
526.0,450.0,130.0,FL,TPA,BWI,2,0
391.0,445.0,100.0,WN,IND,MCI,2,0
191.0,662.0,176.0,UA,MCO,ORD,4,0
4413.0,1090.0,220.0,MQ,LGA,XNA,7,0
3865.0,1040.0,75.0,9E,BUF,DTW,7,0
6419.0,575.0,94.0,OH,CVG,STL,2,0
1832.0,800.0,245.0,AA,PSP,ORD,2,0
7802.0,660.0,61.0,OO,SLC,TWF,1,0
14.0,1365.0,300.0,AA,OGG,LAX,6,0
442.0,990.0,128.0,UA,ORD,BDL,6,0
2376.0,985.0,120.0,WN,PHX,SJC,2,0
5073.0,435.0,96.0,EV,LEX,ATL,6,0
236.0,461.0,271.0,UA,LAS,IAD,4,0
533.0,1330.0,190.0,AA,DFW,SAN,1,0
5250.0,595.0,94.0,EV,DCA,BOS,5,0
1042.0,860.0,149.0,US,TPA,PHL,1,0
2697.0,593.0,72.0,XE,ROC,EWR,4,0
185.0,1139.0,131.0,FL,DCA,ATL,7,0
4139.0,1013.0,92.0,9E,BIS,MSP,1,0
1528.0,1200.0,99.0,US,CLT,PHL,1,0
6321.0,820.0,100.0,OH,JFK,DCA,1,0
6880.0,629.0,85.0,OO,SLC,DEN,3,0
3690.0,405.0,111.0,9E,LAN,MSP,6,0
1585.0,325.0,62.0,CO,MFE,IAH,5,0
907.0,485.0,55.0,WN,OKC,DAL,2,0
2299.0,360.0,139.0,XE,COS,IAH,1,0
1166.0,780.0,195.0,AA,DFW,PHL,7,0
88.0,465.0,269.0,US,ATL,PHX,3,0
1636.0,570.0,105.0,AA,ELP,DFW,5,0
493.0,915.0,147.0,US,PDX,PHX,5,0
2944.0,1105.0,70.0,MQ,MAF,DFW,5,0
4991.0,375.0,85.0,EV,MYR,ATL,1,0
563.0,510.0,147.0,AS,LAX,PDX,2,0
5330.0,810.0,56.0,EV,ATL,HSV,1,0
2007.0,830.0,139.0,XE,TUS,IAH,7,0
6672.0,860.0,73.0,OH,MEM,STL,3,0
6588.0,615.0,116.0,OH,DTW,CAE,6,0
6467.0,1107.0,170.0,OO,DEN,MFR,4,0
1259.0,755.0,125.0,AA,DFW,DEN,2,0
6261.0,1081.0,48.0,OO,ORD,MSN,3,0
2225.0,805.0,84.0,XE,OKC,IAH,1,0
2076.0,643.0,152.0,DL,MCO,LGA,1,0
906.0,1270.0,89.0,FL,ATL,PHF,7,0
2337.0,405.0,107.0,XE,GSP,EWR,5,0
5324.0,740.0,57.0,EV,ATL,CAE,4,0
3717.0,576.0,116.0,9E,HOU,ATL,2,0
139.0,450.0,338.0,US,ANC,PHX,7,0
1998.0,810.0,166.0,DL,ATL,MSP,1,0
50.0,880.0,108.0,AS,ANC,SCC,6,0
43.0,505.0,161.0,UA,IAH,DEN,4,0
2472.0,815.0,123.0,XE,IAH,JAX,5,0
6575.0,565.0,95.0,OH,MEM,MCI,4,0
1844.0,830.0,265.0,AA,LAS,MIA,3,0
1448.0,990.0,171.0,DL,AUS,DTW,4,0
2884.0,775.0,75.0,MQ,XNA,DFW,6,0
1331.0,525.0,70.0,AA,DFW,SAT,2,0
1740.0,1098.0,92.0,US,BUF,PHL,2,0
5024.0,681.0,89.0,EV,MYR,ATL,2,0
465.0,1302.0,93.0,UA,DEN,BIL,7,0
127.0,625.0,200.0,WN,SJC,AUS,2,0
488.0,370.0,230.0,AA,SEA,DFW,3,0
465.0,1297.0,93.0,UA,DEN,BIL,1,0
490.0,765.0,70.0,US,ONT,PHX,3,0
1803.0,1373.0,73.0,DL,ATL,PNS,2,0
2332.0,750.0,115.0,AA,ORD,PHL,2,0
3278.0,930.0,95.0,MQ,DFW,BRO,4,0
2112.0,330.0,58.0,DL,BHM,ATL,1,0
4390.0,1240.0,125.0,MQ,LGA,DTW,2,0
795.0,810.0,195.0,AA,LGA,MIA,2,0
3832.0,490.0,70.0,WN,BWI,BDL,2,0
2461.0,765.0,140.0,DL,PHL,ATL,2,0
1408.0,375.0,129.0,DL,DEN,MSP,2,0
27.0,1015.0,125.0,WN,ECP,BWI,7,0
5.0,430.0,404.0,UA,JFK,SFO,1,0
1273.0,565.0,220.0,AA,DFW,RNO,1,0
2722.0,1085.0,125.0,MQ,DSM,DFW,4,0
5896.0,929.0,71.0,XE,LAN,ORD,3,0
5168.0,755.0,55.0,EV,ATL,AVL,6,0
6321.0,820.0,102.0,OH,JFK,DCA,4,0
752.0,990.0,101.0,US,BOS,PHL,4,0
315.0,560.0,136.0,UA,DFW,DEN,3,0
2531.0,870.0,118.0,DL,LGA,DTW,5,0
254.0,360.0,134.0,FL,FNT,ATL,3,0
4575.0,390.0,142.0,OO,OKC,SLC,2,0
1921.0,1230.0,81.0,US,CLT,JAX,5,0
240.0,767.0,117.0,DL,MIA,ATL,6,0
1661.0,874.0,153.0,CO,PHX,IAH,1,0
1438.0,695.0,209.0,FL,MCO,MSP,5,0
395.0,645.0,200.0,AA,MIA,DFW,6,0
3017.0,865.0,90.0,MQ,RNO,LAX,1,0
5141.0,590.0,83.0,EV,ATL,MYR,4,0
525.0,841.0,165.0,B6,EWR,MCO,7,0
1159.0,1090.0,115.0,AA,DFW,COS,2,0
3478.0,600.0,75.0,MQ,LIT,DFW,5,0
6930.0,1035.0,80.0,OO,LAX,TUS,7,0
2920.0,665.0,65.0,WN,LAX,LAS,6,0
6365.0,610.0,80.0,OO,DEN,ICT,7,0
2245.0,1155.0,102.0,DL,DCA,DTW,7,0
6379.0,360.0,85.0,OH,BOS,JFK,7,0
3934.0,505.0,120.0,9E,MEM,PIT,4,0
47.0,405.0,65.0,AS,ANC,ADQ,7,0
6351.0,1095.0,156.0,OO,DEN,RDM,3,0
4396.0,435.0,65.0,MQ,RDU,DCA,6,0
1024.0,940.0,244.0,US,SJU,PHL,5,0
3066.0,386.0,67.0,XE,RIC,EWR,6,0
1830.0,1160.0,142.0,CO,IAH,PBI,5,0
70.0,1275.0,148.0,B6,PBI,JFK,4,0
1454.0,900.0,166.0,US,MSY,PHL,5,0
1571.0,675.0,95.0,WN,DEN,MCI,6,0
3081.0,380.0,45.0,MQ,SAN,LAX,6,0
1088.0,515.0,175.0,DL,ATL,MSP,6,0
1786.0,1335.0,124.0,US,CLT,MHT,5,0
481.0,795.0,115.0,AA,DEN,DFW,7,0
2449.0,530.0,55.0,WN,HOU,SAT,2,0
5948.0,806.0,87.0,XE,CLE,ORD,4,0
1322.0,515.0,77.0,B6,BWI,BOS,2,0
3004.0,775.0,153.0,XE,IAH,MKE,2,0
3365.0,630.0,65.0,MQ,LBB,DFW,2,0
1160.0,675.0,145.0,WN,MAF,LAS,6,0
823.0,885.0,80.0,AA,ICT,DFW,1,0
1034.0,1170.0,162.0,FL,PIT,RSW,6,0
481.0,420.0,140.0,FL,BWI,MCO,7,0
628.0,1040.0,154.0,AS,BLI,LAS,4,0
967.0,360.0,125.0,FL,ACY,ATL,2,0
472.0,1050.0,150.0,AA,SLC,DFW,1,0
446.0,821.0,89.0,UA,MCI,ORD,6,0
43.0,742.0,77.0,AS,ANC,BET,4,0
2103.0,360.0,160.0,AA,IAD,MIA,5,0
540.0,710.0,168.0,B6,PBI,EWR,1,0
4077.0,365.0,140.0,MQ,ABE,ORD,4,0
1501.0,435.0,190.0,DL,BOS,ATL,5,0
107.0,350.0,83.0,B6,BUF,JFK,1,0
4081.0,1180.0,63.0,9E,MEM,BHM,1,0
1103.0,639.0,139.0,FL,RSW,CMH,6,0
1364.0,420.0,250.0,AA,LAX,ORD,1,0
5313.0,360.0,98.0,EV,EWN,ATL,2,0
145.0,585.0,34.0,HA,OGG,HNL,7,0
2166.0,510.0,83.0,DL,CHS,ATL,4,0
7124.0,862.0,96.0,EV,ALB,IAD,7,0
2379.0,870.0,150.0,WN,TPA,STL,2,0
2681.0,705.0,176.0,XE,PBI,IAH,1,0
1511.0,1085.0,86.0,US,PHX,LAX,2,0
5906.0,619.0,116.0,XE,ROA,ORD,2,0
1017.0,1005.0,125.0,DL,ATL,MKE,1,0
1059.0,550.0,91.0,US,ATL,CLT,7,0
7272.0,1037.0,77.0,YV,IAD,ALB,6,0
374.0,515.0,144.0,US,DFW,CLT,3,0
1718.0,510.0,108.0,DL,MCO,ATL,6,0
406.0,954.0,80.0,AA,STL,ORD,6,0
383.0,673.0,49.0,HA,ITO,HNL,7,0
1890.0,900.0,112.0,US,PBI,CLT,4,0
397.0,1248.0,42.0,HA,KOA,HNL,3,0
850.0,895.0,93.0,FL,MCO,ATL,6,0
1800.0,855.0,145.0,WN,BWI,MCO,6,0
196.0,405.0,171.0,CO,LAS,IAH,3,0
3232.0,450.0,70.0,WN,JAX,FLL,5,0
6560.0,692.0,134.0,OO,AUS,DEN,4,0
2093.0,705.0,237.0,DL,MSP,SNA,3,0
62.0,722.0,53.0,AS,SIT,KTN,3,0
1684.0,540.0,250.0,WN,TPA,DEN,3,0
5588.0,1061.0,76.0,EV,TLH,ATL,5,0
865.0,666.0,68.0,FL,MCO,EYW,1,0
2858.0,490.0,74.0,XE,LRD,IAH,5,0
601.0,505.0,161.0,FL,BWI,RSW,7,0
33.0,475.0,380.0,AA,JFK,LAX,2,0
3972.0,1030.0,65.0,9E,HSV,ATL,1,0
166.0,505.0,245.0,CO,SEA,IAH,7,0
1794.0,1295.0,126.0,DL,ATL,PHL,7,0
5461.0,660.0,136.0,EV,ATL,TUL,6,0
346.0,1294.0,85.0,UA,ORD,PIT,4,0
7215.0,1043.0,172.0,YV,PWM,ORD,2,0
1760.0,1040.0,70.0,WN,ONT,SJC,1,0
4212.0,620.0,100.0,9E,DTW,TYS,6,0
234.0,385.0,107.0,FL,RIC,ATL,5,0
3699.0,1290.0,160.0,MQ,MIA,CVG,1,0
5958.0,360.0,137.0,XE,BHM,ORD,2,0
106.0,515.0,243.0,UA,LAX,ORD,2,0
360.0,1036.0,51.0,HA,HNL,ITO,6,0
1633.0,545.0,200.0,WN,TUS,MDW,3,0
4773.0,990.0,93.0,OO,PSC,SLC,4,0
2969.0,1255.0,50.0,MQ,DFW,ABI,2,0
2911.0,660.0,70.0,YV,PHX,PSP,2,0
55.0,671.0,110.0,AS,BRW,ANC,2,0
1040.0,400.0,170.0,DL,COS,ATL,3,0
183.0,430.0,385.0,DL,JFK,SEA,3,0
619.0,550.0,163.0,AS,LAS,SEA,1,0
3214.0,545.0,60.0,MQ,SJT,DFW,7,0
1456.0,668.0,97.0,DL,SRQ,ATL,7,0
1128.0,830.0,95.0,WN,MHT,PHL,5,0
2147.0,910.0,85.0,WN,SFO,SNA,5,0
1798.0,900.0,179.0,DL,FLL,LGA,3,0
697.0,365.0,190.0,AA,FLL,DFW,3,0
7253.0,528.0,108.0,YV,ORD,RDU,3,0
5414.0,750.0,135.0,EV,ORF,DTW,2,0
1558.0,450.0,125.0,WN,PDX,LAS,6,0
4572.0,740.0,95.0,MQ,CLE,LGA,4,0
7261.0,1198.0,72.0,YV,ROC,IAD,4,0
167.0,600.0,85.0,WN,OAK,LAS,7,0
2644.0,1220.0,63.0,YV,CLT,MYR,4,0
220.0,445.0,129.0,AS,SEA,SFO,7,0
2095.0,362.0,206.0,XE,PIT,IAH,2,0
3295.0,845.0,135.0,MQ,DFW,CAE,7,0
2767.0,630.0,105.0,MQ,DFW,VPS,5,0
700.0,425.0,75.0,WN,SJC,SNA,1,0
2841.0,585.0,79.0,YV,PHX,YUM,7,0
3053.0,780.0,116.0,XE,EWR,DTW,1,0
3690.0,1200.0,175.0,MQ,MIA,CLE,6,0
4303.0,700.0,105.0,9E,OMA,MEM,4,0
2530.0,877.0,104.0,XE,GSO,EWR,6,0
5262.0,835.0,93.0,EV,DCA,BOS,6,0
2872.0,740.0,100.0,DL,TPA,ATL,1,0
3710.0,630.0,78.0,9E,DTW,ELM,7,0
1287.0,465.0,65.0,AA,AUS,DFW,4,0
5567.0,444.0,76.0,EV,CAE,ATL,7,0
3894.0,435.0,126.0,9E,TUL,MSP,2,0
3092.0,710.0,113.0,XE,IAH,MCI,6,0
2216.0,1420.0,229.0,DL,LAS,DTW,4,0
1568.0,705.0,221.0,US,CLT,SJU,2,0
3692.0,730.0,140.0,MQ,MIA,RIC,5,0
4014.0,390.0,80.0,9E,IND,DTW,6,0
648.0,560.0,245.0,AA,SJU,JFK,1,0
559.0,695.0,60.0,WN,SAT,DAL,4,0
3319.0,600.0,45.0,MQ,DFW,GGG,7,0
6452.0,1302.0,91.0,OO,DEN,SLC,3,0
3779.0,1165.0,140.0,MQ,ORD,MSY,4,0
25.0,605.0,365.0,HA,PDX,HNL,5,0
2.0,905.0,325.0,HA,HNL,LAX,1,0
5141.0,590.0,83.0,EV,ATL,MYR,2,0
23.0,502.0,349.0,UA,LAX,KOA,4,0
1937.0,365.0,102.0,DL,BWI,DTW,5,0
1086.0,483.0,137.0,FL,IND,MCO,6,0
6489.0,845.0,62.0,OO,DEN,DRO,4,0
2062.0,1175.0,74.0,XE,IAH,LRD,4,0
3007.0,390.0,45.0,MQ,SBA,LAX,3,0
71.0,385.0,189.0,F9,DTW,DEN,6,0
1945.0,1110.0,130.0,AA,ATL,MIA,2,0
805.0,415.0,85.0,WN,MSY,DAL,2,0
1189.0,1155.0,137.0,US,DCA,MCO,4,0
716.0,670.0,96.0,FL,LGA,CAK,4,0
2535.0,391.0,118.0,XE,SDF,EWR,2,0
744.0,1165.0,165.0,WN,MKE,MCO,1,0
203.0,530.0,94.0,UA,ORD,MSP,3,0
1523.0,1200.0,214.0,DL,DTW,SAT,4,0
3082.0,1020.0,45.0,MQ,SAN,LAX,4,0
2142.0,420.0,182.0,XE,OKC,EWR,6,0
2206.0,385.0,65.0,WN,RDU,BWI,1,0
2936.0,942.0,56.0,XE,IAH,AEX,5,0
2192.0,510.0,161.0,DL,TPA,DTW,7,0
4315.0,925.0,66.0,9E,MSP,GRB,7,0
544.0,907.0,171.0,B6,PBI,EWR,7,0
2364.0,885.0,170.0,XE,EWR,STL,1,0
55.0,796.0,108.0,UA,PDX,SFO,5,0
1505.0,1035.0,190.0,AA,DFW,SAN,3,0
6567.0,802.0,58.0,OH,CLE,DTW,5,0
516.0,385.0,108.0,FL,CMH,ATL,4,0
4464.0,1191.0,80.0,OO,SLC,BZN,3,0
226.0,660.0,134.0,F9,SMF,DEN,3,0
3667.0,430.0,90.0,WN,JAX,ORF,4,0
1555.0,650.0,170.0,CO,PBI,EWR,4,0
217.0,423.0,42.0,HA,KOA,HNL,2,0
6661.0,1005.0,33.0,OO,MOD,SFO,6,0
1159.0,1023.0,101.0,DL,MLB,ATL,6,0
2315.0,383.0,125.0,XE,SAV,EWR,2,0
6453.0,1290.0,72.0,OO,LAX,PHX,3,0
3245.0,535.0,125.0,MQ,DFW,LEX,1,0
4973.0,510.0,97.0,EV,FAY,ATL,5,0
3717.0,1130.0,155.0,MQ,IAH,ORD,4,0
2995.0,1000.0,125.0,MQ,DSM,DFW,7,0
1002.0,520.0,60.0,WN,AUS,HRL,2,0
5611.0,505.0,78.0,EV,ATL,GNV,7,0
1487.0,515.0,130.0,AA,DCA,ORD,4,0
401.0,1080.0,385.0,US,PHL,SFO,7,0
1678.0,435.0,125.0,US,TPA,DCA,5,0
6642.0,630.0,82.0,OH,ORF,JFK,1,0
4108.0,360.0,77.0,9E,ATW,MSP,5,0
372.0,873.0,140.0,UA,DFW,ORD,1,0
1088.0,785.0,168.0,CO,IAH,DTW,1,0
5595.0,1236.0,87.0,EV,ATL,EWN,1,0
1839.0,595.0,188.0,US,PHL,MSP,6,0
4967.0,970.0,107.0,EV,ATL,BMI,6,0
242.0,790.0,136.0,UA,ORD,PVD,4,0
5092.0,1230.0,74.0,EV,ATL,FAY,3,0
5221.0,415.0,84.0,EV,FLL,TLH,3,0
2131.0,1280.0,59.0,XE,IAH,CRP,5,0
2302.0,533.0,105.0,XE,IAH,BNA,4,0
1297.0,360.0,114.0,DL,SFO,SLC,7,0
175.0,545.0,34.0,HA,OGG,HNL,1,0
2650.0,580.0,147.0,XE,EWR,MKE,1,0
935.0,980.0,359.0,UA,LAX,HNL,1,0
6961.0,780.0,92.0,OO,LNK,DEN,6,0
2841.0,575.0,110.0,MQ,DFW,DSM,4,0
2865.0,370.0,154.0,DL,BUF,ATL,3,0
937.0,1225.0,70.0,FL,JAX,ATL,2,0
1179.0,785.0,167.0,US,CLT,IAH,1,0
1040.0,1195.0,49.0,YV,HNL,ITO,5,0
5978.0,887.0,67.0,XE,GSO,IAD,5,0
639.0,1170.0,50.0,WN,HOU,CRP,6,0
4020.0,740.0,125.0,MQ,ROC,ORD,5,0
904.0,550.0,122.0,B6,ORD,JFK,7,0
1414.0,870.0,65.0,WN,PHX,LAS,3,0
697.0,1045.0,78.0,DL,ATL,PNS,6,0
6723.0,1105.0,96.0,OH,IND,DCA,7,0
1255.0,915.0,70.0,WN,PHX,LAS,3,0
32.0,360.0,146.0,UA,PDX,DEN,5,0
422.0,617.0,225.0,UA,DEN,EWR,1,0
3299.0,1220.0,75.0,MQ,DFW,MAF,6,0
239.0,425.0,175.0,CO,MIA,EWR,5,0
5.0,655.0,95.0,WN,MSY,MCO,1,0
428.0,620.0,74.0,FL,ATL,PNS,6,0
2898.0,580.0,50.0,MQ,DFW,ABI,1,0
2684.0,690.0,142.0,DL,MIA,DCA,1,0
112.0,725.0,125.0,FL,DFW,ATL,2,0
626.0,530.0,128.0,AS,PDX,LAS,4,0
776.0,445.0,187.0,CO,IAH,PHL,5,0
566.0,1178.0,120.0,UA,ORD,ATL,6,0
6299.0,1148.0,89.0,OO,DEN,GCC,6,0
5981.0,877.0,126.0,XE,OKC,ORD,4,0
1743.0,885.0,90.0,AA,DFW,MCI,2,0
977.0,500.0,253.0,UA,IAD,DEN,7,0
1422.0,680.0,143.0,B6,LGB,PDX,4,0
775.0,745.0,150.0,AA,MIA,STT,2,0
4451.0,670.0,60.0,MQ,RDU,DCA,1,0
580.0,635.0,65.0,WN,STL,MCI,5,0
268.0,435.0,315.0,AA,SEA,JFK,6,0
604.0,630.0,149.0,AS,SEA,LAS,7,0
59.0,1170.0,65.0,WN,AMA,DAL,3,0
6266.0,987.0,186.0,OH,PHL,MEM,6,0
1951.0,810.0,110.0,DL,ATL,MIA,7,0
2936.0,942.0,56.0,XE,IAH,AEX,2,0
1332.0,1230.0,115.0,AA,DFW,ATL,1,0
6673.0,1035.0,103.0,OH,JFK,DCA,6,0
2148.0,735.0,132.0,XE,BNA,EWR,2,0
1815.0,705.0,109.0,US,PHL,CLT,4,0
882.0,996.0,136.0,UA,ORD,BOS,7,0
991.0,475.0,130.0,UA,IAD,ORD,1,0
2033.0,1130.0,135.0,WN,MCO,CMH,1,0
418.0,420.0,172.0,B6,PBI,BOS,4,0
3881.0,1070.0,125.0,9E,HOU,ATL,2,0
7067.0,486.0,110.0,EV,MHT,IAD,3,0
1961.0,990.0,148.0,DL,PHL,ATL,4,0
5362.0,345.0,123.0,EV,SHV,ATL,3,0
98.0,1025.0,205.0,AS,ANC,SEA,7,0
2208.0,380.0,157.0,XE,MCI,EWR,4,0
147.0,413.0,104.0,UA,SAN,SFO,4,0
1188.0,465.0,167.0,FL,MCO,MLI,5,0
6451.0,1313.0,55.0,OO,LAX,SMX,3,0
1141.0,345.0,190.0,AA,JFK,MIA,4,0
2459.0,445.0,109.0,DL,ATL,STL,4,0
2008.0,610.0,149.0,XE,IAH,RDU,5,0
7.0,540.0,385.0,HA,LAS,HNL,1,0
3056.0,795.0,88.0,XE,IAH,VPS,4,0
146.0,520.0,37.0,HA,HNL,OGG,4,0
1014.0,430.0,66.0,CO,DFW,IAH,3,0
5040.0,995.0,76.0,EV,BTR,MEM,4,0
2629.0,500.0,333.0,DL,ATL,SEA,2,0
2903.0,385.0,91.0,YV,SBA,PHX,1,0
6620.0,975.0,86.0,OO,RNO,LAX,5,0
4258.0,1205.0,80.0,MQ,GRR,ORD,4,0
4956.0,543.0,107.0,EV,IND,ATL,1,0
622.0,500.0,70.0,WN,MDW,CLE,7,0
2044.0,835.0,125.0,AA,MTJ,DFW,7,0
685.0,799.0,101.0,B6,BOS,DCA,4,0
573.0,530.0,240.0,FL,MKE,PHX,5,0
2816.0,598.0,178.0,YV,PHX,DSM,1,0
2337.0,405.0,104.0,XE,GSP,EWR,6,0
462.0,525.0,148.0,US,PDX,PHX,6,0
1805.0,1100.0,85.0,AA,XNA,DFW,7,0
3603.0,1275.0,100.0,MQ,MIA,CHS,5,0
1583.0,555.0,56.0,CO,IAH,AUS,1,0
1758.0,1170.0,80.0,WN,SFO,SNA,5,0
4951.0,669.0,178.0,EV,ELP,ATL,1,0
755.0,1150.0,122.0,CO,IAH,ATL,1,0
1888.0,410.0,125.0,AA,DFW,JAX,2,0
73.0,365.0,45.0,AS,SIT,JNU,5,0
4664.0,535.0,95.0,MQ,CLE,LGA,6,0
671.0,470.0,177.0,FL,MKE,MCO,6,0
2648.0,415.0,72.0,DL,TLH,ATL,2,0
6497.0,640.0,125.0,OO,DEN,LIT,2,0
8.0,1375.0,345.0,HA,HNL,LAS,7,0
415.0,425.0,187.0,UA,MSY,DEN,3,0
2221.0,720.0,85.0,WN,SAN,OAK,5,0
12.0,595.0,292.0,US,PHX,JFK,6,0
5569.0,875.0,89.0,EV,FAY,ATL,6,0
6611.0,555.0,119.0,OH,MEM,OMA,5,0
1426.0,575.0,180.0,AA,SAN,DFW,4,0
1768.0,30.0,220.0,DL,LAX,MSP,4,0
1402.0,510.0,377.0,CO,EWR,LAX,2,0
4823.0,690.0,103.0,OO,SLC,FAT,3,0
597.0,1080.0,140.0,FL,ROC,ATL,4,0
3717.0,576.0,116.0,9E,HOU,ATL,4,0
425.0,940.0,270.0,AA,ORD,SEA,2,0
2905.0,790.0,122.0,YV,PHX,GJT,5,0
817.0,1290.0,80.0,FL,BWI,BOS,2,0
6766.0,1015.0,143.0,OH,MSN,LGA,4,0
2818.0,1190.0,179.0,YV,PHX,DSM,5,0
3654.0,445.0,160.0,MQ,RIC,MIA,3,0
69.0,635.0,155.0,UA,DEN,LAX,2,0
6600.0,655.0,145.0,OH,STL,JFK,5,0
400.0,930.0,154.0,UA,SEA,DEN,1,0
2493.0,586.0,114.0,DL,RIC,ATL,5,0
5592.0,595.0,73.0,EV,ATL,CAE,5,0
6471.0,935.0,110.0,OH,BOS,DCA,1,0
2242.0,1068.0,134.0,DL,ATL,EWR,5,0
1432.0,310.0,95.0,US,MCO,CLT,6,0
430.0,595.0,164.0,B6,MCO,BOS,6,0
944.0,790.0,100.0,US,CLT,CLE,4,0
1181.0,720.0,113.0,US,PBI,CLT,7,0